function,dataset,n_obs,n_vars,density,matrix_size_gb,standard_time,optimized_time,speedup,standard_memory_ok,n_runs
highly_variable_genes,Small,1000,500,0.094516,0.00017604976892471313,0.00998997688293457,0.004597902297973633,2.17272491573762,True,3
highly_variable_genes,Medium,5000,2000,0.0484405,0.0018045492470264435,0.007469892501831055,0.006609916687011719,1.1301038811138364,True,3
highly_variable_genes,Large,10000,3000,0.019673966666666667,0.0021987371146678925,0.008325815200805664,0.007116079330444336,1.1700003350420478,True,3
highly_variable_genes,Very_Large,20000,5000,0.0098841,0.0036821141839027405,0.012275218963623047,0.009797096252441406,1.2529446120899446,True,3
highly_variable_genes,Extreme,50000,8000,0.0049542,0.007382333278656006,0.025252103805541992,0.019120216369628906,1.3207017806374384,True,3
normalize_total,Medium,5000,2000,0.0763769,0.0028452612459659576,0.001577138900756836,0.0016331672668457031,0.9656934306569344,True,3
normalize_total,Large,10000,3000,0.0484443,0.005414072424173355,0.003137826919555664,0.003443002700805664,0.9113634789834499,True,3
normalize_total,Very_Large,20000,5000,0.02936004,0.010937467217445374,0.003968000411987305,0.003984928131103516,0.9957520641378486,True,3
normalize_total,Extreme,50000,8000,0.0196676,0.029307007789611816,0.012475967407226562,0.011981010437011719,1.041311788585529,True,3
